{"cameraMode":{"drawMode":0,"name":"Shaded","section":"Shading Mode"},"sceneLighting":false,"audioPlay":false,"sceneViewState":{"showFog":true,"showMaterialUpdate":false,"showSkybox":true,"showFlares":true,"showImageEffects":true,"showParticleSystems":true},"in2DMode":false,"pivot":{"x":0.31391263008117678,"y":38.0,"z":-0.1557149887084961},"rotation":{"x":0.1391826570034027,"y":-0.24100586771965028,"z":0.0349467508494854,"w":0.9598559737205505},"size":54.840003967285159,"orthographic":false}