{"cameraMode":{"drawMode":0,"name":"Shaded","section":"Shading Mode"},"sceneLighting":false,"audioPlay":false,"sceneViewState":{"showFog":true,"showMaterialUpdate":false,"showSkybox":true,"showFlares":true,"showImageEffects":true,"showParticleSystems":true},"in2DMode":false,"pivot":{"x":-2.17474365234375,"y":10.11279296875,"z":-28.6494140625},"rotation":{"x":0.14566393196582795,"y":0.05339658632874489,"z":-0.007873226888477803,"w":0.9878653287887573},"size":23.34914779663086,"orthographic":true}