{"cameraMode":{"drawMode":0,"name":"Shaded","section":"Shading Mode"},"sceneLighting":false,"audioPlay":false,"sceneViewState":{"showFog":true,"showMaterialUpdate":false,"showSkybox":true,"showFlares":true,"showImageEffects":true,"showParticleSystems":true},"in2DMode":false,"pivot":{"x":180.29307556152345,"y":207.53163146972657,"z":12.72283935546875},"rotation":{"x":-0.12709178030490876,"y":0.031239056959748269,"z":0.004004660528153181,"w":0.9913913607597351},"size":261.8807067871094,"orthographic":false}