{"cameraMode":{"drawMode":0,"name":"Shaded","section":"Shading Mode"},"sceneLighting":false,"audioPlay":false,"sceneViewState":{"showFog":true,"showMaterialUpdate":false,"showSkybox":true,"showFlares":true,"showImageEffects":true,"showParticleSystems":true},"in2DMode":false,"pivot":{"x":-0.8587632775306702,"y":2.1886720657348635,"z":-5.455533981323242},"rotation":{"x":0.4276323914527893,"y":0.00949121080338955,"z":-0.004490307532250881,"w":0.9038915038108826},"size":11.895288467407227,"orthographic":false}