{"cameraMode":{"drawMode":0,"name":"Shaded","section":"Shading Mode"},"sceneLighting":false,"audioPlay":false,"sceneViewState":{"showFog":true,"showMaterialUpdate":false,"showSkybox":true,"showFlares":true,"showImageEffects":true,"showParticleSystems":true},"in2DMode":false,"pivot":{"x":-16.4388427734375,"y":23.466796875,"z":-28.953125},"rotation":{"x":0.08026833087205887,"y":-0.03288757801055908,"z":0.0026499582454562189,"w":0.9962313175201416},"size":46.34101867675781,"orthographic":true}