{"cameraMode":{"drawMode":0,"name":"Shaded","section":"Shading Mode"},"sceneLighting":false,"audioPlay":false,"sceneViewState":{"showFog":true,"showMaterialUpdate":false,"showSkybox":true,"showFlares":true,"showImageEffects":true,"showParticleSystems":true},"in2DMode":false,"pivot":{"x":43.62040710449219,"y":242.444580078125,"z":-700.134521484375},"rotation":{"x":0.16505646705627442,"y":-0.031062398105859758,"z":0.005200985353440046,"w":0.9857816100120544},"size":11.940499305725098,"orthographic":true}