{"cameraMode":{"drawMode":0,"name":"Shaded","section":"Shading Mode"},"sceneLighting":false,"audioPlay":false,"sceneViewState":{"showFog":true,"showMaterialUpdate":false,"showSkybox":true,"showFlares":true,"showImageEffects":true,"showParticleSystems":true},"in2DMode":false,"pivot":{"x":2.347860336303711,"y":3.080307960510254,"z":-782.714111328125},"rotation":{"x":0.24512064456939698,"y":-0.663262665271759,"z":0.24512100219726563,"w":0.6632629632949829},"size":4.612409591674805,"orthographic":true}