{"cameraMode":{"drawMode":0,"name":"Shaded","section":"Shading Mode"},"sceneLighting":true,"audioPlay":false,"sceneViewState":{"showFog":true,"showMaterialUpdate":false,"showSkybox":true,"showFlares":true,"showImageEffects":true,"showParticleSystems":true},"in2DMode":false,"pivot":{"x":396.2315979003906,"y":253.92391967773438,"z":0.0},"rotation":{"x":0.7143763303756714,"y":0.01259289775043726,"z":-0.01286016870290041,"w":0.6995299458503723},"size":480.6495361328125,"orthographic":true}